
set identity_insert brands on
insert into Brands(id,BrandName)
values (1,'Honda'),(2,'Gucci'),(3,'Milkita'),(4,'HaoHao'),(5,'Kokomi')

set identity_insert brands off


set identity_insert categories on
insert into categories(id,CategoryName)
values (1,'Women'),(2,'Men'),(3,'Kids'),(4,'Watches'),(5,'Gagdes')
set identity_insert categories off


Insert into Products(ProductName, Description, UnitPrice, CreatedDate, BrandId, CategoryId) values ('ouldn''t leave behind. He',
'e sitting on the ground before her. Angels could lose their wings.Dave watched as the forest burned up on the hill, only a few miles from her house. The car had been hastily packed and Marta was inside trying to round up the last of the pets. Dave went through his mental list of the most important papers and documents that they ',
698,
'5/4/1996 12:00:00 AM',
1,
1),('it could ever happen never even entered her mind. ',
'this was possible. The fact that it could ever happen never even entered her mind. Yet there she stood, with the undeniable evidence sitting on the ground before her. Angels could lose their wings.Dave watched as the forest burned up on the hill, only a few miles from her house. The car had been hastily packed and Marta was inside trying to round up the last',
646,
'9/22/2011 12:00:00 AM',
1,
1),('re she stood, with the undenia',
'ars and in all that time nobody had told her this was possible. The fact that it could ever happen never even entered her mind. Yet there she stood, with the undeniable evidence sitting on the ground before her. Angels could lose their wings.Dave watched as the forest burned up on the hill, only a few miles from her house. The car had been has',
617,
'2/12/2010 12:00:00 AM',
1,
1),('for coming up on 10 years and in all tha',
'r coming up on 10 years and in all that time nobody had told her this was possible. The fact that it could ever happen never even entered her mind. Yet there she stood, with the undeniable evidence sitting on the ground before her. Angels could lose their wings.Dave watched as the forest burned up on the hill, only a few miles from her house. The car had been hastily packed and Marta was inside trying to round up the last of the pets. Dave went through his mental li',
250,
'2/4/2006 12:00:00 AM',
1,
1),('dvance and hoped that he had remembered ',
'ant papers and documents that they couldn''t leave behind. He scolded himself for not having prepared these better in advance and hoped that he had remembe',
460,
'2/28/2011 12:00:00 AM',
1,
1),('s inside trying to round up the las',
'ed as the forest burned up on the hill, only a few miles from her house. The car had been hastily packed and Marta was inside trying to round up the last of the pets. Dav',
725,
'12/23/1999 12:00:00 AM',
1,
1),('ven entered her mind. Yet there she stoo',
'eniable evidence sitting on the ground before her. Angels could lose their wings.Dave watched as the forest burned up on the hill, only a few miles from her house. The car had been hastily packed and ',
724,
'11/17/2001 12:00:00 AM',
1,
1),('s nowhere to be seen',
'tal list of the most important papers and documents that they couldn''t leave behind. He scolded himself for not having prepared these better in advance and hoped that he had remembered everything that was needed. H',
267,
'1/24/2008 12:00:00 AM',
1,
1),('s mental list of the most important papers and doc',
'hrough his mental list of the most important papers and documents that they couldn''t leave behind. He scolded himself for not having prepared these better in advance and hoped that he had remembered everything that was needed. He continued to wait for Marta to appear with the pe',
761,
'10/1/2018 12:00:00 AM',
1,
1),('t it could ever happen never even entered her',
' happen never even entered her mind. Yet there she stood, with the undeniable evidence sitting on the ground before her. Angels could lose their wings.Dave watched as the forest burned up on the hill, only a few miles from her house. The car had been',
208,
'8/16/2016 12:00:00 AM',
1,
1),(' possible. The fact that it could ever happen',
'ing up on 10 years and in all that time nobody had told her this was possible. The fact that it could ever happen never even entered her mind. Yet there she stood, with the undeniable evidence sitting on the ground before her. Angels could lose their wings.Dave watched as the forest burned up on the hill, only a few miles from her ho',
127,
'4/7/2014 12:00:00 AM',
1,
1),('ed that he had remembered everything that was',
'ing to round up the last of the pets. Dave went through his mental list of the most important papers and documents that they couldn''t leave behind. He scolded ',
338,
'9/6/2006 12:00:00 AM',
1,
1),('od, with the undeniable evidence sitting',
'een an angel for coming up on 10 years and in all that time nobody had told her this was possible. The fact that it could ever happen never even entered her mind. Yet there she stood, with the undeniable evidence sitting on the ground before her. Angels could lose their wings.Dave watched as the forest burned up on the hill, only a few miles from her house. The car had been hastily packed and Marta was inside tr',
372,
'4/26/2019 12:00:00 AM',
1,
1),(' these better in adv',
' hastily packed and Marta was inside trying to round up the last of the pets. Dave went through his mental list of the most important papers and documents that they couldn''t leave behind. He scolded himself for not having prepared these better in advance and hoped',
782,
'9/10/2016 12:00:00 AM',
1,
1),('inside trying to round up',
'd in all that time nobody had told her this was possible. The fact that it could ever happen never even entered her mind. Yet there she stood, with the undeniable evidence sitting on the ground before her. Angels could lose their wings.Dave watched as the forest burned up on the hill, only a few miles from her house. The car had been hastily packed and Marta was ',
73,
'2/8/2014 12:00:00 AM',
1,
1),('s the forest burned up on the hill, only',
'mental list of the most important papers and documents that they couldn''t leave behind. He scolded himself for not having prepared these better in advance and hoped that he had remembered everything that was needed. He continued to wait for Marta to appear with the pets, bu',
152,
'11/9/2007 12:00:00 AM',
1,
1),('in all that time nobody had to',
'n all that time nobody had told her this was possible. The fact that it could ever happen never even entered her mind. Yet there she stood, with the undeniable evidence sitting on the ground before her. Angels could lose their wings.Da',
531,
'12/13/1997 12:00:00 AM',
1,
1),('ng on the ground before h',
'scolded himself for not having prepared these better in advance and hoped that he had remembered everything that was needed. He continued to wait for Marta to appear with the pets, but she still was nowhere to be se',
550,
'12/24/2002 12:00:00 AM',
1,
1),('ey couldn''t leave behind',
'ntal list of the most important papers and documents that they couldn''t leave behind. He scolded himself for not having prepared these better in advance and hoped that he had remembered everything that was needed. He continu',
81,
'8/27/1999 12:00:00 AM',
1,
1),(' this was possible. The fact that it could ever ha',
'forest burned up on the hill, only a few miles from her house. The car had been hastily packed and Marta was inside trying to round up the last of the pets. Dave went through his mental list of the most important papers and documents that they couldn',
204,
'3/12/2018 12:00:00 AM',
1,
1),('ave went through his mental list of',
'd been an angel for coming up on 10 years and in all that time nobody had told her this was possible. The fact that it could ever happen never even entered her mind. Yet there she stood, wit',
90,
'6/14/1996 12:00:00 AM',
2,
2),('s and documents that',
'nd before her. Angels could lose their wings.Dave watched as the forest burned up on the hill, only a few miles from her house. The car had been hastily packed and Marta was inside trying to round up the last of the pets. Dave went through his mental list of the most important papers and documents that they couldn''t leave behind. He scolded himself for not having prepared these better in advance and hoped ',
703,
'3/10/2012 12:00:00 AM',
2,
2),('he pets, but she still wa',
's.Dave watched as the forest burned up on the hill, only a few miles from her house. The car had been hastily packed and Marta was inside trying to round up the last of the pets. Dave went through his mental list of the most important papers and documents that they couldn''t leave behind. He scolded himself for not having prepared these better in advance and hoped that he had rememb',
458,
'5/26/2007 12:00:00 AM',
2,
2),('uld ever happen never even entered her mind. ',
'hat they couldn''t leave behind. He scolded himself for not having prepared these better in advance and hoped that he had remembered everything that was needed. He continued to wait for Marta to appear with the pets, but she still',
71,
'1/29/2019 12:00:00 AM',
2,
2),('hind. He scolded himself for not having prepa',
'he stood, with the undeniable evidence sitting on the ground before her. Angels could lose their wings.Dave watched as the forest burned up on the hill, only a few miles from her house. The car had been hastily packed and Mar',
333,
'7/11/1996 12:00:00 AM',
2,
2),('not having prepared these better in advance a',
'oming up on 10 years and in all that time nobody had told her this was possible. The fact that it could ever happen never even entered her mind. Yet there she stood, with the undeniable evidence sitting on the ',
427,
'12/27/2010 12:00:00 AM',
2,
2),(' she stood, with the undeniable evi',
'told her this was possible. The fact that it could ever happen never even entered her mind. Yet there she stood, with the undeniable evidence sitting on the ground before her. Angels could lose their wings.Dave watched as the fore',
523,
'2/29/2020 12:00:00 AM',
2,
2),('inside trying to round up the last of the pets. Da',
'ce sitting on the ground before her. Angels could lose their wings.Dave watched as the forest burned up on the hill, only a few miles from her house. The car had bee',
205,
'7/14/2012 12:00:00 AM',
2,
2),('ppen never even entered her mi',
'ed up on the hill, only a few miles from her house. The car had been hastily packed and Marta was inside trying to round up the last of the pets. Dave went through his mental list of the most important papers and documents that they couldn''t leave behind. He scolded himself for not having prepared these better in advance and hoped that he had remembered everything th',
595,
'3/31/2015 12:00:00 AM',
2,
2),('astily packed and Marta was inside trying to round',
'10 years and in all that time nobody had told her this was possible. The fact that it could ever happen never even entered her mind. Yet there she stood, with the undeniable evidence sitting on the ground before her. Angels could lose their wings.Dave watched as the forest burned up on the hill, only a few miles from her house. The car had been hastily packed and Marta was inside tr',
273,
'2/17/2000 12:00:00 AM',
2,
2),(' and documents that they couldn''t leave behi',
' her mind. Yet there she stood, with the undeniable evidence sitting on the ground before her. Angels could lose their wings.Dave watched as the forest burned up on the hill, only a few miles from her house. The car had been hastily packed and Marta was inside trying to round up the last of the pets. Dave went through his mental list of the most important papers ',
701,
'3/18/2015 12:00:00 AM',
2,
2),('possible. The fact that it could ever ha',
' was possible. The fact that it could ever happen never even entered her mind. Yet there she stood, with the undeniable evidence sitting on the ground before her. Angels could lose their wings.Dave watched as the forest burned up on the hill, only a few miles from her h',
231,
'8/2/1999 12:00:00 AM',
2,
2),('ental list of the most importa',
'miles from her house. The car had been hastily packed and Marta was inside trying to round up the last of the pets. Dave went through his mental list of the most important papers and documents that they couldn''t le',
330,
'2/17/1996 12:00:00 AM',
2,
2),('w miles from her house. The car had been hastily p',
' been an angel for coming up on 10 years and in all that time nobody had told her this was possible. The fact that it could ever happen never even entered her mind. Yet there ',
708,
'11/1/2019 12:00:00 AM',
2,
2),('y had told her this was possible. The fact th',
'Dave watched as the forest burned up on the hill, only a few miles from her house. The car had been hastily packed and Marta was inside trying to roun',
124,
'11/10/1996 12:00:00 AM',
2,
2),('rned up on the hill, only a few miles from he',
'not having prepared these better in advance and hoped that he had remembered everything that was needed. He continued to wait for Marta to appear with the pets,',
254,
'12/18/2002 12:00:00 AM',
2,
2),('side trying to round',
'me nobody had told her this was possible. The fact that it could ever happen never even entered her mind. Yet there she stood, with the undeniable evidence sitting on the ground before her. Angels could lose their wings.Dave watched as the forest burned up on the hill, only a few miles from her house. The car had been hastily packed and Marta was inside trying to round up the last of the pets. Dave went through his m',
461,
'9/28/2011 12:00:00 AM',
2,
2),('appen never even entered her mind. Yet there ',
'Angels could lose their wings.Dave watched as the forest burned up on the hill, only a few miles from her house. The car had been hastily packed and M',
160,
'5/27/2006 12:00:00 AM',
2,
2),('.Dave watched as the forest burned ',
'er even entered her mind. Yet there she stood, with the undeniable evidence sitting on the ground before her. Angels could lose their wings.Dave watched as the forest burned up on the hill, only a few miles from her house. The car had been hastily packed and Marta was inside trying to round up the last of the pets',
601,
'12/3/1997 12:00:00 AM',
2,
2),('dvance and hoped that he ',
've watched as the forest burned up on the hill, only a few miles from her house. The car had been hastily packed and Marta was inside trying to round up the last of the pets. Dave went through his mental list of the most important papers and documents that they couldn''t leave behind. He scolded himself for not having prepared these better in advance and hoped that he had remembered everything that was',
562,
'6/15/2011 12:00:00 AM',
2,
2),(', with the undeniable evidence sitting on the',
'ed her mind. Yet there she stood, with the undeniable evidence sitting on the ground before her. Angels could lose their wings.Dave watched as the forest burned up on the',
617,
'2/14/2004 12:00:00 AM',
3,
3),('wings.Dave watched as the',
'st of the most important papers and documents that they couldn''t leave behind. He scolded himself for not having prepared these better in advance and hoped that he had remembered everything that was needed. He continued to wait for Marta to appear with the pe',
428,
'2/18/2010 12:00:00 AM',
3,
3),('prepared these better in advance and hop',
', with the undeniable evidence sitting on the ground before her. Angels could lose their wings.Dave watched as the forest burned up on the hill, only a few miles from her house. The car had been hastily packed and Marta was inside trying to round up the last of the pets. Dave went through his mental list of the most important papers and documents that they couldn''t leave behind. He scolded himself for not having prepared these bet',
633,
'2/13/1999 12:00:00 AM',
3,
3),('r. Angels could lose their wings.Dave watched as t',
'er house. The car had been hastily packed and Marta was inside trying to round up the last of the pets. Dave went through his mental list of the most important papers and documents that they couldn''t leave behind. He scolded himself for not having prepared these better in advance and hoped that he had remembered everything that was needed. He continued to wait for Marta to app',
571,
'8/19/2018 12:00:00 AM',
3,
3),('ly packed and Marta was inside trying to',
'r mind. Yet there she stood, with the undeniable evidence sitting on the ground before her. Angels could lose their wings.Dave watched as the forest burned up on the hill, only a few miles from her house. The car had been hastily packed and Marta was insi',
413,
'9/10/2013 12:00:00 AM',
3,
3),('iable evidence sitting on the groun',
'ng up on 10 years and in all that time nobody had told her this was possible. The fact that it could ever happen never even entered her mind. Yet there she stood, with the undeniable evidence sitting on the ground before her. Angels could lose their wings.Dave watched as the forest burned up on the hill, only a few miles from her house. The car had been hastily packed and Marta was inside trying to round up the last of the pets. Dave went through his mental lis',
343,
'5/1/2003 12:00:00 AM',
3,
3),('the pets. Dave went through his men',
'r this was possible. The fact that it could ever happen never even entered her mind. Yet there she stood, with the undeniable evidence sitting on the ground before her. Angels could lose their wings.Dave watched as the forest burned up on the hill, only a few miles from her house. The car had been hastily packed and Marta was inside trying to round up the last of the pets. Dave went through his mental list of the most important papers a',
107,
'1/31/2000 12:00:00 AM',
3,
3),('he pets. Dave went through his mental list of',
'er house. The car had been hastily packed and Marta was inside trying to round up the last of the pets. Dave went through his mental list of the most important papers and documents that they couldn''t leave behind. He scolded himself for not having prepared these better in advance and hoped that he had remembered everything that was needed. He continued to wait for Marta to appear with the pets, but she still was nowhere ',
280,
'4/20/2013 12:00:00 AM',
3,
3),('portant papers and documents that they couldn''t l',
'd and Marta was inside trying to round up the last of the pets. Dave went through his mental list of the most important papers and documents that they couldn''t leave behind. He scolded himself for not having prepared these better in advance and hoped that he had remembered everything that was needed. He continued to wait for Marta to appear with the pets, but she still was now',
272,
'5/24/2017 12:00:00 AM',
3,
3),('still was nowhere to',
', with the undeniable evidence sitting on the ground before her. Angels could lose their wings.Dave watched as the forest burned up on the hill, only a few miles from her house. The car had been hastily packed and Marta was inside trying to round up the last of the',
675,
'5/8/2011 12:00:00 AM',
3,
3),('ing that was needed. He continued t',
'her house. The car had been hastily packed and Marta was inside trying to round up the last of the pets. Dave went through his mental list of the most important papers and documents that they couldn''t leave behind. He scolded himself for not having prepared these better in advance and hoped that he had remembered everything that was needed. He continued to wait for M',
284,
'2/4/2005 12:00:00 AM',
3,
3),(' been hastily packed and Marta was insid',
'ndeniable evidence sitting on the ground before her. Angels could lose their wings.Dave watched as the forest burned up on the hill, only a few miles from her house. The car had been hastily packed and Marta was inside trying to round up the last of the pets. Dave went through his mental list of the most important',
472,
'1/20/1996 12:00:00 AM',
3,
3),(' went through his mental list of the most importan',
'w miles from her house. The car had been hastily packed and Marta was inside trying to round up the last of the pets. Dave went through his mental list of the most important papers and documents that ',
281,
'3/29/1996 12:00:00 AM',
3,
3),('mental list of the most important papers and docum',
'She had been an angel for coming up on 10 years and in all that time nobody had told her this was possible. The fact that it could ever happen never even entered her mind. Yet there she stood, with the undeniable evidence sitting on the ground before her. Angels could lose their wings.Dave watched as the forest burned up on the hill, only a few miles from her house. The car had been hastily packed and Marta was inside trying t',
77,
'12/14/2004 12:00:00 AM',
3,
3),(' to round up the last of the pets. Dave went ',
' forest burned up on the hill, only a few miles from her house. The car had been hastily packed and Marta was inside trying to round up the last of the pets. Dave went through his mental list of the most important papers and documents that they couldn''t leave behind. He scolded himself fo',
300,
'10/5/1996 12:00:00 AM',
3,
3),('ossible. The fact th',
'rest burned up on the hill, only a few miles from her house. The car had been hastily packed and Marta was inside trying to round up the last of the pets. Dave went through his mental list of the most important papers and documents that they couldn''t leave behind. He scolded himself for not having prepared these better in advance and hoped that he had remembered everything that was needed. He continued to wait for Marta to appear with the pets, but she still was nowhere to be see',
274,
'8/9/2015 12:00:00 AM',
3,
3),('ar with the pets, but she still was',
'e their wings.Dave watched as the forest burned up on the hill, only a few miles from her house. The car had been hastily packed and Marta was inside trying to round up the last of the pets. Dave went through his mental list ',
203,
'7/1/2004 12:00:00 AM',
3,
3),('e car had been hastily packed and Marta was i',
'years and in all that time nobody had told her this was possible. The fact that it could ever happen never even entered her mind. Yet there she stood, with the undeniable evidence sitting on the ground before her. Angels could lose their wings.Dave watched as the forest burned up on the hill, only a few miles from her house. The car had been hastily packed and Marta was in',
229,
'5/7/1995 12:00:00 AM',
3,
3),(' few miles from her house',
'en an angel for coming up on 10 years and in all that time nobody had told her this was possible. The fact that it could ever happen never even entered her mind. Yet there she stood, with the undeniable evidence sitting on the ground before her. Angels could lose their wings.Dave watched as the forest burned up on the hill, only a few miles from her house. The car had been hastily packed and Marta was inside trying to round up the last of the pets. Dave went through his ',
785,
'10/22/2006 12:00:00 AM',
3,
3),('iles from her house.',
'gs.Dave watched as the forest burned up on the hill, only a few miles from her house. The car had been hastily packed and Marta was inside trying to round up the last of the pets. Dave went through his mental list of the most important papers and documents that they couldn''t leave behind. He scolded himself for not having ',
664,
'8/11/1995 12:00:00 AM',
3,
3),('with the pets, but she still was nowhere to be see',
'y had told her this was possible. The fact that it could ever happen never even entered her mind. Yet there she stood, with the undeniable evidence sitting on the ground before her. Angels could lose their wings.Dave watched as the forest burned up on the hill, only a few miles from her house. The c',
734,
'8/23/2004 12:00:00 AM',
4,
4),('wait for Marta to appear with the pets, ',
'as the forest burned up on the hill, only a few miles from her house. The car had been hastily packed and Marta was inside trying to round up the last of the pets. Dave went through his mental list of the most important papers and documents that they couldn''t leave behind. He scolded himself for not having prepared these better in advance and hoped that he had remembered everything that was needed. He continued to wait for Marta to app',
105,
'9/25/1998 12:00:00 AM',
4,
4),('hill, only a few mil',
'l, only a few miles from her house. The car had been hastily packed and Marta was inside trying to round up the last of the pets. Dave went through his mental list of the most important papers and documents that they couldn''t leave behind. He s',
716,
'7/23/1999 12:00:00 AM',
4,
4),(' couldn''t leave behind. He sc',
' had told her this was possible. The fact that it could ever happen never even entered her mind. Yet there she stood, with the undeniable evidence sitting on the ground before her. Angels could lose their wings.Dave watched as the forest burned up on the hill, only a few miles from her house. The car had been hastily packed and Marta was insid',
517,
'9/22/2006 12:00:00 AM',
4,
4),('an angel for coming up on 10 y',
'd Marta was inside trying to round up the last of the pets. Dave went through his mental list of the most important papers and documents that they couldn''t leave behind. He scolded himself for not having prepared these better in advance and hoped that he had remembered everything that was needed. He continued to wait for Marta to appear with the pets, but she still was nowhere to b',
310,
'2/26/2020 12:00:00 AM',
4,
4),('etter in advance and hoped that he had rememb',
' could ever happen never even entered her mind. Yet there she stood, with the undeniable evidence sitting on the ground before her. Angels could lose their wings.Dave watched as the forest burned up on the hill, only a few miles from her house. The car had been hastily packed and Marta was inside trying to round up the last of the pets. Dave went through his mental list of the most important papers and documents that they couldn''t leave behind. He scolded himself for not hav',
327,
'10/17/2009 12:00:00 AM',
4,
4),('ost important papers and documents that they ',
'e last of the pets. Dave went through his mental list of the most important papers and documents that they couldn''t leave behind. He scolded himself for not having prepared these better in ',
95,
'12/27/2007 12:00:00 AM',
4,
4),('e ground before her. Angels co',
' through his mental list of the most important papers and documents that they couldn''t leave behind. He scolded himself for not having prepared these better in advance and hoped that he had remembered everything that was needed. He continued to wait',
72,
'4/22/2019 12:00:00 AM',
4,
4),('urned up on the hill, only a few miles f',
' few miles from her house. The car had been hastily packed and Marta was inside trying to round up the last of the pets. Dave went through his mental list of the most important papers and documents that they couldn''t leave behind. He scolded hi',
278,
'7/5/2000 12:00:00 AM',
4,
4),('hind. He scolded himself ',
'The car had been hastily packed and Marta was inside trying to round up the last of the pets. Dave went through his mental list of the most important papers and documents that they couldn''t leave behind. He scolded himself for not having prepared these better in advance and hoped that he had remembered everything that was needed. He cont',
316,
'7/16/2014 12:00:00 AM',
4,
4),('through his mental list o',
'r even entered her mind. Yet there she stood, with the undeniable evidence sitting on the ground before her. Angels could lose their wings.Dave watched as the forest burned up on the hill, only a few miles from her house. The car had been hastily packed and Marta was inside trying to round up the last of the pets. Dave went through his mental list of the most important papers and documents that they couldn''t leave behind. He scolded himself for not having prepared these better in adva',
284,
'6/8/1996 12:00:00 AM',
4,
4),(' that they couldn''t',
'up on the hill, only a few miles from her house. The car had been hastily packed and Marta was inside trying to round up the last of the pets. Dave went through his mental list of the most important papers and documents that they couldn''t leave behind. He scolded himself for not having prepared these better in advance and hoped that he had remembered everything that was needed. He continued to wait for Marta to appear with the pets, but she',
426,
'9/1/2016 12:00:00 AM',
4,
4),('list of the most important papers and documen',
'gs.Dave watched as the forest burned up on the hill, only a few miles from her house. The car had been hastily packed and Marta was inside trying to round up the last of the pets. Dave went through his mental list of the most',
159,
'7/24/2014 12:00:00 AM',
4,
4),('nd Marta was inside trying to ',
'ked and Marta was inside trying to round up the last of the pets. Dave went through his mental list of the most important papers and documents that they couldn''t leave behind',
468,
'6/5/2002 12:00:00 AM',
4,
4),('ld ever happen never',
'ir wings.Dave watched as the forest burned up on the hill, only a few miles from her house. The car had been hastily packed and Marta was inside trying to round up the last of the pets. Dave went through his mental list of the most important papers and documents that they couldn''t leave behind. He scolded himself for not having prepared these better in advance a',
675,
'7/3/1998 12:00:00 AM',
4,
4),(' wait for Marta to appear with the pets, but ',
'e her. Angels could lose their wings.Dave watched as the forest burned up on the hill, only a few miles from her house. The car had been hastily packed and Marta was inside trying to round up the last of the pets. Dave went through his mental list of the most important papers and documents that they couldn''t leave behind. He scolded himself for not having prepared these better in advance and hoped that he had remembered everything that was needed. He continued to w',
715,
'9/26/2007 12:00:00 AM',
4,
4),('ait for Marta to app',
'ldn''t leave behind. He scolded himself for not having prepared these better in advance and hoped that he had remembered everything that was needed. He continued to wait for Marta to appear with the pets, but she still was nowhere to b',
233,
'3/31/2014 12:00:00 AM',
4,
4),('having prepared these bet',
'few miles from her house. The car had been hastily packed and Marta was inside trying to round up the last of the pets. Dave went through his mental list of the most important papers and documents that they couldn''t leave behind. He scolded himself for not having prepared these better in advance and hoped that he had remembered everything that was',
466,
'2/11/2017 12:00:00 AM',
4,
4),(' for not having prep',
' it could ever happen never even entered her mind. Yet there she stood, with the undeniable evidence sitting on the ground before her. Angels could lose their wings.Dave watched as the forest burned up on the hill, only a few miles from her house. The car had been hastily packed and Marta was inside trying to round up the last of the pets. Dave went through his mental list of the most important papers and documents that they couldn''t leave behind. He scolded himself for not having pre',
222,
'8/9/2007 12:00:00 AM',
4,
4),('. Dave went through his m',
'ting on the ground before her. Angels could lose their wings.Dave watched as the forest burned up on the hill, only a few miles from her house. The car had been hastily packed and Marta was inside trying to round up the last of the pets. Dave went through his ',
717,
'7/14/2005 12:00:00 AM',
4,
4),('er house. The car had been hastily packe',
'een an angel for coming up on 10 years and in all that time nobody had told her this was possible. The fact that it could ever happen never even entered her mind. Yet there she stood, with the undeniable evidence sitting on the ground before her. Angels could lose their wings.Dave watched as the forest burned up on the hill, only a few miles f',
711,
'4/12/1997 12:00:00 AM',
5,
5),('ts, but she still was nowhere to be seen',
'ith the undeniable evidence sitting on the ground before her. Angels could lose their wings.Dave watched as the forest burned up on the hill, only a few miles from her house. The car had been hastily packe',
671,
'9/16/2005 12:00:00 AM',
5,
5),(' her. Angels could lose their wings.Dave watched a',
' burned up on the hill, only a few miles from her house. The car had been hastily packed and Marta was inside trying to round up the last of the pets. Dave went through his mental list of the most important papers and documents that they couldn''t leave behind. He scolded himself for not having prepared these better in advance and hoped that he had remembered everything that was needed. He continued to wait for Marta',
429,
'1/20/2007 12:00:00 AM',
5,
5),('ting on the ground before her. Angels could lose t',
'p on 10 years and in all that time nobody had told her this was possible. The fact that it could ever happen never even entered her mind. Yet there she stood, with the undeniable evidence sitting on the ground before her. Angels could lose their wings.Dav',
328,
'6/4/2009 12:00:00 AM',
5,
5),('p on the hill, only a few miles from her hous',
'l, only a few miles from her house. The car had been hastily packed and Marta was inside trying to round up the last of the pets. Dave went through his mental list of the most important papers and documents that they couldn''t leave behind. He scolded himself for not having prepared these better in advance an',
720,
'8/7/2007 12:00:00 AM',
5,
5),('e most important papers and documen',
'nd. Yet there she stood, with the undeniable evidence sitting on the ground before her. Angels could lose their wings.Dave watched as the forest burned up on the hill, only a few miles from her house. The car had been hastily packed and Marta was inside trying to round up the last of the pets. Dave went through his mental list o',
251,
'8/10/2002 12:00:00 AM',
5,
5),(' that it could ever happen never even en',
'ings.Dave watched as the forest burned up on the hill, only a few miles from her house. The car had been hastily packed and Marta was inside trying to round up the last of the pets. Dave went through his mental list of the most important papers and documents that they couldn''t leave behind. He scolded himself for not having prepared these better in advance and hoped that he had remember',
691,
'11/1/1999 12:00:00 AM',
5,
5),('lded himself for not having pr',
'told her this was possible. The fact that it could ever happen never even entered her mind. Yet there she stood, with the undeniable evidence sitting on the ground before her. Angels could lose their wings.Dave watched as the forest burned up on the hill, only a few mil',
163,
'1/22/2008 12:00:00 AM',
5,
5),('y a few miles from her house. The c',
'ist of the most important papers and documents that they couldn''t leave behind. He scolded himself for not having prepared these better in advance and hoped that he had remembered everything tha',
128,
'5/30/2006 12:00:00 AM',
5,
5),('rough his mental list of the most import',
'at time nobody had told her this was possible. The fact that it could ever happen never even entered her mind. Yet there she stood, with the undeniable evidence sitting on the ground before her. Angels could lose their wings.Dave watched as the forest burned up on the hill, only a few miles from her house. The car had been hastily packed and Marta was inside trying to round up the last of the pets. Dave went through his mental list of the most important papers and d',
545,
'5/14/1999 12:00:00 AM',
5,
5),('that was needed. He continued ',
'uld ever happen never even entered her mind. Yet there she stood, with the undeniable evidence sitting on the ground before her. Angels could lose their wings.Dave watched as the forest burned up on the hill, only a few miles from her house. The car had been hastily packed and Marta was inside trying to round up the last of',
614,
'11/29/2014 12:00:00 AM',
5,
5),('Marta was inside trying to rou',
' the hill, only a few miles from her house. The car had been hastily packed and Marta was inside trying to round up the last of the pets. Dave went through his ',
283,
'11/8/1998 12:00:00 AM',
5,
5),('evidence sitting on the ground before her. An',
'heir wings.Dave watched as the forest burned up on the hill, only a few miles from her house. The car had been hastily packed and Marta was inside trying to round up the last of the pets. Da',
649,
'5/10/2012 12:00:00 AM',
5,
5),('hat they couldn''t l',
'ble. The fact that it could ever happen never even entered her mind. Yet there she stood, with the undeniable evidence sitting on the ground before her. Angels could lose their wings.Dave watched as the forest burned up on the hill, only a few miles from her house. The car had been hastily packed and Marta was inside trying to round up the last of the pets. Dave went through his mental list of the most important papers and documents that they couldn''t leave behind.',
80,
'3/19/2001 12:00:00 AM',
5,
5),('uldn''t leave behind. He scolded himself for ',
'ground before her. Angels could lose their wings.Dave watched as the forest burned up on the hill, only a few miles from her house. The car had been hastily packed and Marta was inside trying to round up the last of the pets.',
548,
'4/6/2015 12:00:00 AM',
5,
5),('ad been hastily packed and Mar',
'en an angel for coming up on 10 years and in all that time nobody had told her this was possible. The fact that it could ever happen never even entered her mind. Yet there she stood, with the undeniable evidence sitting on the ground before her. Angels could lose their wings.Dave watched as the forest burned up on the hill, only a few miles from her house. The car had been hastily packed and Marta was inside trying to round up the last of the pets. Dave went through his mental list of ',
268,
'4/15/2002 12:00:00 AM',
5,
5),('s was possible. The fact that ',
'ere she stood, with the undeniable evidence sitting on the ground before her. Angels could lose their wings.Dave watched as the forest burned up on the hill, only a few miles from her house. The car had been hastily packed and Marta was inside trying to round up the last of the pets. Dave went through his mental list of the most important papers and documents that they couldn''t leave behind. He scolded himself for not having prepared these better in advance and hoped that he had remembered',
781,
'10/26/2016 12:00:00 AM',
5,
5),('or Marta to appear w',
'st of the pets. Dave went through his mental list of the most important papers and documents that they couldn''t leave behind. He scolded himself for not having prepared these better in advance and hoped that he had remembered everything that was nee',
167,
'4/3/1995 12:00:00 AM',
5,
5),('s was possible. The fact that it could ever happen',
'on 10 years and in all that time nobody had told her this was possible. The fact that it could ever happen never even entered her mind. Yet there she stood, with the undeniable evidence sitting on the ground before her. Angels could lose their wings.Dave watched as the forest burned up on the hill, only a few miles from her house. The car had been hastily packed and Marta was inside trying to round up the last of the pets. Dave went through his mental list of the most important pa',
402,
'4/26/1999 12:00:00 AM',
5,
5),('body had told her this was possible. The fact',
'the undeniable evidence sitting on the ground before her. Angels could lose their wings.Dave watched as the forest burned up on the hill, only a few miles from her house. The car had been hastily packed and Marta was inside trying to round up the last of the pets. Dave went through his mental list of the most important papers and documents that they couldn''t leave behind.',
75,
'3/1/2008 12:00:00 AM',
5,
5)



